,0
0,diva_designer_store
1,sairashakira
2,manish_reshamwala_label
3,irfantextiles
4,kavya_bridalwear
5,nudofrances
6,mensxpshop
7,martinbordador
8,kasturi_saree
9,dulhan_kay_sung
10,atluscouture
11,lucknowiandaaz
12,womenethnicworld
13,olsjona
14,zahrasbyzainab
15,sandeepkhosla
16,phulkarifolks
17,gulberggalleria_
18,virsa_couture
19,shasumzchikankari
20,labeldarpan
21,faricouture
22,wrapitupofficial
23,paulmiandharsh
24,yankitakapoorofficial
25,pakistanvogue
26,trousseaubyst
27,thepurplesack
28,rajiramniq
29,labelromijain
30,panashindia
31,dcollectionsindia
32,ftrousseau
33,scwadra_uof_uof_lafna
34,nannyskitchen34
35,mudit.creations
36,mayflywine
37,moreiraeglorinha
38,etnia_by_pri
39,confetti_and_beyond
40,belle_3roussa_dz1
41,wrap.a.smile
42,pataaree
43,thatdogintuxedo
44,ipackings
45,sasthas_design_studio
46,narjisofficial
47,perniaspopupshop
48,vamikasilver_jaipur
49,the.ultimate.shopper
50,themoccasinstudio
51,pavithrasarathy
52,the.clutchcouture
53,trunkofroyals
54,doreemumbai
55,idesigncreation
56,k.anshika
57,scarletcolorsbypoonam
58,wrappingwoods
59,vrishtizz_raipur
60,uppada_sarees
61,lahengha.bazzar
62,madhuri__kashyap
63,queenchoice_india
64,nimisha.surendran
65,csanketa
66,thefloralbanner
67,designer_blouse_idea
68,vandu_rnjn
69,saree.idea
70,donewithlove_life
71,narachi_texworld
72,ethnic_attire_studio
73,laurenlylee
74,pretty_saree_
75,nakkash.india
76,kortizastore
77,mornisareess
78,katoenfashions
79,fan_club_of_ujjwal_dua_
80,lastinch_madeforcurves
81,neeryaonline
82,jiviva_
83,_elegant_choice_
